ACM Instruments v4 analysis (09/Mar/2010 20:05),,,,,,
,,,,,,
File name,C:\data\Uma\08 March cathodic polarisation Tin-2,,,,,
Test type,Current & voltage / time,,,,,
Instrument serial number,1207,,,,,
Physical channel,1,,,,,
Sequence number,1,,,,,
ZRA Number,n/a,,,,,
Time and Date,8/3/2010 17:47,,,,,
Data points,1800,,,,,
Read rate (sec),1,,,,,
Area (cm²),1,,,,,
Rest Potential (mV),Not recorded,,,,,
Metal,Lead,,,,,
Metal factor,2987,,,,,
Ba (mV),120,,,,,
Bc (mV),120,,,,,
Delta V (mV),16.293,,,,,
Delta I (mA/cm²),n/a,,,,,
Average V (mV),-438.39,,,,,
Average I (mA/cm²),n/a,,,,,
Delta R (Ohms.cm²),n/a,,,,,
Icorr (mA/cm²),n/a,,,,,
Corrosion Rate (mm/year),n/a,,,,,
Corrosion rate (mils/yr),n/a,,,,,
Step Potential (mV),n/a,,,,,
Time Between Readings , 1 Seconds,,,,,
Record Potential , Yes,,,,,
Record Current , No,,,,,
Readings Per Test ,1800,,,,,
Cell Settle Time , 0 seconds,,,,,
Count Resistor At Start , Auto,,,,,
Count Resistor During Test , Auto,,,,,
,,,,,,
Time (Sec),Current (mA),Potential (mV),Resistance (ohm),Potential FFT (mV Hz-½),Current FFT (mA Hz-½),Frequency (Hz)
0,,-425.12,,212690,,0.0009766
1,,-424.87,,97704,,0.0019531
2,,-424.65,,57323,,0.0029297
3,,-424.45,,22661,,0.0039063
4,,-424.28,,6662.2,,0.0048828
5,,-424.13,,13209,,0.0058594
6,,-424,,13945,,0.0068359
7,,-423.82,,8676.6,,0.0078125
8,,-423.85,,3982.9,,0.0087891
9,,-423.8,,5099.2,,0.0097656
10,,-423.72,,6202.9,,0.0107422
11,,-423.67,,5053.5,,0.0117188
12,,-423.65,,2913.8,,0.0126953
13,,-423.63,,2435.7,,0.0136719
14,,-423.62,,3445.8,,0.0146484
15,,-423.6,,3173.5,,0.015625
16,,-423.63,,2219.2,,0.0166016
17,,-423.67,,1779.2,,0.0175781
18,,-423.7,,2021.5,,0.0185547
19,,-423.75,,2155.6,,0.0195313
20,,-423.79,,1917.1,,0.0205078
21,,-423.85,,1220.3,,0.0214844
22,,-423.91,,1320.7,,0.0224609
23,,-423.97,,1615.3,,0.0234375
24,,-424.04,,1385.9,,0.0244141
25,,-424.1,,1002.3,,0.0253906
26,,-424.17,,1003.5,,0.0263672
27,,-424.25,,1207.5,,0.0273438
28,,-424.34,,1239.9,,0.0283203
29,,-424.41,,872.17,,0.0292969
30,,-424.51,,776.31,,0.0302734
31,,-424.57,,1013.8,,0.03125
32,,-424.68,,1015.2,,0.0322266
33,,-424.78,,809.48,,0.0332031
34,,-424.91,,603.69,,0.0341797
35,,-425.04,,746.47,,0.0351563
36,,-425.11,,913.35,,0.0361328
37,,-425.24,,769.25,,0.0371094
38,,-425.36,,511.52,,0.0380859
39,,-425.45,,618.79,,0.0390625
40,,-425.56,,743.32,,0.0400391
41,,-425.66,,646.3,,0.0410156
42,,-425.76,,475.31,,0.0419922
43,,-425.86,,508.07,,0.0429688
44,,-425.98,,639.28,,0.0439453
45,,-426.05,,605.49,,0.0449219
46,,-426.15,,409.84,,0.0458984
47,,-426.23,,407.64,,0.046875
48,,-426.33,,528.45,,0.0478516
49,,-426.38,,520.54,,0.0488281
50,,-426.47,,391.84,,0.0498047
51,,-426.53,,349.05,,0.0507813
52,,-426.61,,434.22,,0.0517578
53,,-426.7,,485.47,,0.0527344
54,,-426.77,,371.06,,0.0537109
55,,-426.84,,291.53,,0.0546875
56,,-426.92,,400.53,,0.0556641
57,,-427,,435.05,,0.0566406
58,,-427.07,,335.39,,0.0576172
59,,-427.11,,266.93,,0.0585938
60,,-427.22,,329.46,,0.0595703
61,,-427.27,,403.96,,0.0605469
62,,-427.36,,340.43,,0.0615234
63,,-427.42,,242.89,,0.0625
64,,-427.5,,298.1,,0.0634766
65,,-427.58,,360.33,,0.0644531
66,,-427.66,,308.99,,0.0654297
67,,-427.73,,244.12,,0.0664063
68,,-427.81,,248.17,,0.0673828
69,,-427.88,,314.38,,0.0683594
70,,-427.95,,303.14,,0.0693359
71,,-428.04,,215.2,,0.0703125
72,,-428.1,,223.93,,0.0712891
73,,-428.17,,297.8,,0.0722656
74,,-428.24,,277.26,,0.0732422
75,,-428.31,,215.67,,0.0742188
76,,-428.37,,197.35,,0.0751953
77,,-428.45,,256.51,,0.0761719
78,,-428.5,,268.64,,0.0771484
79,,-428.56,,202.82,,0.078125
80,,-428.64,,170.92,,0.0791016
81,,-428.71,,241.29,,0.0800781
82,,-428.77,,245.16,,0.0810547
83,,-428.84,,196.54,,0.0820313
84,,-428.89,,168.17,,0.0830078
85,,-428.95,,206.85,,0.0839844
86,,-429.01,,233.6,,0.0849609
87,,-429.08,,198.43,,0.0859375
88,,-429.14,,146.25,,0.0869141
89,,-429.2,,189,,0.0878906
90,,-429.26,,222.35,,0.0888672
91,,-429.32,,191.27,,0.0898438
92,,-429.39,,144.72,,0.0908203
93,,-429.44,,162.4,,0.0917969
94,,-429.5,,200.39,,0.0927734
95,,-429.55,,189.79,,0.09375
96,,-429.63,,136.52,,0.0947266
97,,-429.68,,152.71,,0.0957031
98,,-429.75,,191.88,,0.0966797
99,,-429.8,,176.46,,0.0976563
100,,-429.83,,136.57,,0.0986328
101,,-429.9,,136.75,,0.0996094
102,,-429.95,,169.24,,0.1005859
103,,-430,,175.13,,0.1015625
104,,-430.07,,134.23,,0.1025391
105,,-430.1,,120.87,,0.1035156
106,,-430.13,,164.42,,0.1044922
107,,-430.19,,167.45,,0.1054688
108,,-430.24,,130.15,,0.1064453
109,,-430.28,,111.82,,0.1074219
110,,-430.34,,145.8,,0.1083984
111,,-430.37,,162.15,,0.109375
112,,-430.43,,131.76,,0.1103516
113,,-430.47,,100.01,,0.1113281
114,,-430.51,,132.36,,0.1123047
115,,-430.54,,152.13,,0.1132813
116,,-430.61,,126.91,,0.1142578
117,,-430.63,,98.868,,0.1152344
118,,-430.67,,123.89,,0.1162109
119,,-430.71,,143.1,,0.1171875
120,,-430.74,,131.16,,0.1181641
121,,-430.76,,93.015,,0.1191406
122,,-430.8,,109.7,,0.1201172
123,,-430.83,,139.73,,0.1210938
124,,-430.86,,123.71,,0.1220703
125,,-430.9,,94.853,,0.1230469
126,,-430.92,,103.93,,0.1240234
127,,-430.96,,126.73,,0.125
128,,-430.96,,125.98,,0.1259766
129,,-431,,93.026,,0.1269531
130,,-431.02,,92.011,,0.1279297
131,,-431.04,,122.84,,0.1289063
132,,-431.09,,119.57,,0.1298828
133,,-431.1,,90.085,,0.1308594
134,,-431.11,,90.114,,0.1318359
135,,-431.14,,111.95,,0.1328125
136,,-431.17,,117.25,,0.1337891
137,,-431.18,,91.789,,0.1347656
138,,-431.2,,80.402,,0.1357422
139,,-431.2,,105.97,,0.1367188
140,,-431.25,,114.95,,0.1376953
141,,-431.25,,91.49,,0.1386719
142,,-431.27,,77.272,,0.1396484
143,,-431.3,,97.488,,0.140625
144,,-431.32,,108.73,,0.1416016
145,,-431.34,,92.366,,0.1425781
146,,-431.32,,72.665,,0.1435547
147,,-431.34,,90.038,,0.1445313
148,,-431.35,,106.93,,0.1455078
149,,-431.37,,89.312,,0.1464844
150,,-431.39,,72,,0.1474609
151,,-431.41,,86.409,,0.1484375
152,,-431.41,,99.659,,0.1494141
153,,-431.44,,92.239,,0.1503906
154,,-431.44,,70.936,,0.1513672
155,,-431.43,,76.189,,0.1523438
156,,-431.45,,96.873,,0.1533203
157,,-431.44,,89.997,,0.1542969
158,,-431.45,,69.051,,0.1552734
159,,-431.47,,73.161,,0.15625
160,,-431.45,,91.525,,0.1572266
161,,-431.46,,89.655,,0.1582031
162,,-431.46,,70.132,,0.1591797
163,,-431.45,,68.867,,0.1601563
164,,-431.46,,86.754,,0.1611328
165,,-431.44,,86.83,,0.1621094
166,,-431.43,,69.045,,0.1630859
167,,-431.43,,65.555,,0.1640625
168,,-431.42,,80.749,,0.1650391
169,,-431.4,,84.45,,0.1660156
170,,-431.4,,71.599,,0.1669922
171,,-431.4,,61.703,,0.1679688
172,,-431.38,,74.801,,0.1689453
173,,-431.39,,84.42,,0.1699219
174,,-431.35,,68.459,,0.1708984
175,,-431.35,,58.257,,0.171875
176,,-431.33,,73.878,,0.1728516
177,,-431.33,,80.46,,0.1738281
178,,-431.32,,69.762,,0.1748047
179,,-431.31,,57.031,,0.1757813
180,,-431.31,,66.235,,0.1767578
181,,-431.3,,79.008,,0.1777344
182,,-431.29,,69.594,,0.1787109
183,,-431.27,,55.582,,0.1796875
184,,-431.25,,63.23,,0.1806641
185,,-431.25,,74.762,,0.1816406
186,,-431.21,,69.222,,0.1826172
187,,-431.2,,56.378,,0.1835938
188,,-431.18,,58.034,,0.1845703
189,,-431.18,,70.972,,0.1855469
190,,-431.17,,68.975,,0.1865234
191,,-431.15,,56.136,,0.1875
192,,-431.14,,55.586,,0.1884766
193,,-431.12,,69.663,,0.1894531
194,,-431.1,,68.359,,0.1904297
195,,-431.09,,56.856,,0.1914063
196,,-431.08,,53.106,,0.1923828
197,,-431.05,,65.968,,0.1933594
198,,-431.04,,67.518,,0.1943359
199,,-431.03,,53.973,,0.1953125
200,,-431.01,,49.356,,0.1962891
201,,-430.99,,63.649,,0.1972656
202,,-430.94,,65.796,,0.1982422
203,,-430.88,,56.091,,0.1992188
204,,-430.83,,49.375,,0.2001953
205,,-430.86,,58.807,,0.2011719
206,,-430.86,,65.611,,0.2021484
207,,-430.83,,55.779,,0.203125
208,,-430.79,,45.97,,0.2041016
209,,-430.79,,55.982,,0.2050781
210,,-430.76,,63.084,,0.2060547
211,,-430.75,,55.237,,0.2070313
212,,-430.7,,46.249,,0.2080078
213,,-430.67,,52.331,,0.2089844
214,,-430.67,,61.547,,0.2099609
215,,-430.61,,56.924,,0.2109375
216,,-430.67,,43.853,,0.2119141
217,,-430.66,,50.408,,0.2128906
218,,-430.62,,59.767,,0.2138672
219,,-430.59,,55.07,,0.2148438
220,,-430.57,,44.632,,0.2158203
221,,-430.54,,48.829,,0.2167969
222,,-430.52,,57.836,,0.2177734
223,,-430.47,,56.068,,0.21875
224,,-430.43,,44.424,,0.2197266
225,,-430.41,,46.041,,0.2207031
226,,-430.37,,54.766,,0.2216797
227,,-430.35,,54.533,,0.2226563
228,,-430.3,,44.538,,0.2236328
229,,-430.26,,42.702,,0.2246094
230,,-430.23,,52.465,,0.2255859
231,,-430.21,,54.039,,0.2265625
232,,-430.15,,44.051,,0.2275391
233,,-430.12,,41.327,,0.2285156
234,,-430.1,,50.968,,0.2294922
235,,-430.05,,51.753,,0.2304688
236,,-430.01,,43.788,,0.2314453
237,,-429.98,,41.501,,0.2324219
238,,-429.95,,48.533,,0.2333984
239,,-429.93,,49.958,,0.234375
240,,-429.88,,44.963,,0.2353516
241,,-429.84,,38.61,,0.2363281
242,,-429.78,,45.874,,0.2373047
243,,-429.75,,50.857,,0.2382813
244,,-429.72,,44.467,,0.2392578
245,,-429.67,,38.726,,0.2402344
246,,-429.63,,44.653,,0.2412109
247,,-429.61,,48.915,,0.2421875
248,,-429.57,,44.775,,0.2431641
249,,-429.51,,37.332,,0.2441406
250,,-429.5,,42.099,,0.2451172
251,,-429.44,,48.377,,0.2460938
252,,-429.43,,44.061,,0.2470703
253,,-429.39,,37.648,,0.2480469
254,,-429.32,,40.475,,0.2490234
255,,-429.31,,45.93,,0.25
256,,-429.24,,43.625,,0.2509766
257,,-429.22,,38.695,,0.2519531
258,,-429.18,,38.486,,0.2529297
259,,-429.1,,44.917,,0.2539063
260,,-429.09,,44.189,,0.2548828
261,,-429.04,,37.504,,0.2558594
262,,-429.01,,38.475,,0.2568359
263,,-428.96,,43.441,,0.2578125
264,,-428.91,,43.794,,0.2587891
265,,-428.86,,37.988,,0.2597656
266,,-428.83,,36.392,,0.2607422
267,,-428.78,,41.419,,0.2617188
268,,-428.74,,43.222,,0.2626953
269,,-428.71,,38.097,,0.2636719
270,,-428.66,,36.458,,0.2646484
271,,-428.6,,40.114,,0.265625
272,,-428.57,,41.765,,0.2666016
273,,-428.54,,38.459,,0.2675781
274,,-428.47,,35.014,,0.2685547
275,,-428.43,,38.686,,0.2695313
276,,-428.4,,42.307,,0.2705078
277,,-428.35,,37.703,,0.2714844
278,,-428.29,,33.997,,0.2724609
279,,-428.25,,38.369,,0.2734375
280,,-428.21,,40.33,,0.2744141
281,,-428.13,,38.698,,0.2753906
282,,-428.11,,34.857,,0.2763672
283,,-428.06,,35.916,,0.2773438
284,,-427.99,,39.882,,0.2783203
285,,-427.96,,38.256,,0.2792969
286,,-427.9,,34.12,,0.2802734
287,,-427.85,,35.552,,0.28125
288,,-427.79,,38.939,,0.2822266
289,,-427.75,,38.458,,0.2832031
290,,-427.71,,34.469,,0.2841797
291,,-427.67,,34.503,,0.2851563
292,,-427.64,,37.311,,0.2861328
293,,-427.57,,38.464,,0.2871094
294,,-427.53,,33.648,,0.2880859
295,,-427.47,,33.825,,0.2890625
296,,-427.45,,37.526,,0.2900391
297,,-427.4,,37.333,,0.2910156
298,,-427.34,,34.25,,0.2919922
299,,-427.3,,32.313,,0.2929688
300,,-427.22,,35.732,,0.2939453
301,,-427.2,,37.44,,0.2949219
302,,-427.14,,33.396,,0.2958984
303,,-427.11,,31.205,,0.296875
304,,-427.07,,34.912,,0.2978516
305,,-427,,36.893,,0.2988281
306,,-426.94,,33.069,,0.2998047
307,,-426.9,,31.289,,0.3007813
308,,-426.86,,32.916,,0.3017578
309,,-426.82,,36.242,,0.3027344
310,,-426.77,,33.6,,0.3037109
311,,-426.72,,30.93,,0.3046875
312,,-426.69,,33.476,,0.3056641
313,,-426.61,,36.177,,0.3066406
314,,-426.57,,33.541,,0.3076172
315,,-426.52,,30.392,,0.3085938
316,,-426.49,,31.769,,0.3095703
317,,-426.42,,35.618,,0.3105469
318,,-426.36,,32.668,,0.3115234
319,,-426.32,,29.853,,0.3125
320,,-426.27,,31.685,,0.3134766
321,,-426.24,,33.738,,0.3144531
322,,-426.17,,32.888,,0.3154297
323,,-426.12,,29.748,,0.3164063
324,,-426.08,,30.057,,0.3173828
325,,-426.04,,33.31,,0.3183594
326,,-425.98,,33.192,,0.3193359
327,,-425.92,,29.582,,0.3203125
328,,-425.89,,29.672,,0.3212891
329,,-425.84,,33.591,,0.3222656
330,,-425.78,,32.082,,0.3232422
331,,-425.75,,29.954,,0.3242188
332,,-425.68,,29.25,,0.3251953
333,,-425.66,,31.71,,0.3261719
334,,-425.61,,32.494,,0.3271484
335,,-425.54,,29.732,,0.328125
336,,-425.49,,28.213,,0.3291016
337,,-425.44,,31.289,,0.3300781
338,,-425.42,,32.587,,0.3310547
339,,-425.37,,29.817,,0.3320313
340,,-425.32,,26.951,,0.3330078
341,,-425.26,,29.966,,0.3339844
342,,-425.18,,32.544,,0.3349609
343,,-425.18,,29.627,,0.3359375
344,,-425.11,,27.564,,0.3369141
345,,-425.06,,29.19,,0.3378906
346,,-425.03,,31.136,,0.3388672
347,,-424.97,,30.202,,0.3398438
348,,-424.94,,27.563,,0.3408203
349,,-424.88,,28.041,,0.3417969
350,,-424.82,,30.808,,0.3427734
351,,-424.77,,29.776,,0.34375
352,,-424.74,,27.435,,0.3447266
353,,-424.67,,27.498,,0.3457031
354,,-424.63,,30.166,,0.3466797
355,,-424.58,,29.422,,0.3476563
356,,-424.54,,27.137,,0.3486328
357,,-424.49,,27.535,,0.3496094
358,,-424.45,,29.746,,0.3505859
359,,-424.39,,29.423,,0.3515625
360,,-424.35,,26.69,,0.3525391
361,,-424.28,,26.057,,0.3535156
362,,-424.23,,29.898,,0.3544922
363,,-424.18,,28.743,,0.3554688
364,,-424.13,,26.554,,0.3564453
365,,-424.08,,26.613,,0.3574219
366,,-424.08,,28.597,,0.3583984
367,,-424.23,,29.446,,0.359375
368,,-424.55,,26.818,,0.3603516
369,,-424.65,,25.649,,0.3613281
370,,-424.66,,28.098,,0.3623047
371,,-424.67,,28.727,,0.3632813
372,,-424.63,,25.857,,0.3642578
373,,-424.58,,24.751,,0.3652344
374,,-424.54,,27.391,,0.3662109
375,,-424.51,,28.55,,0.3671875
376,,-424.47,,26.597,,0.3681641
377,,-424.43,,25.089,,0.3691406
378,,-424.38,,26.145,,0.3701172
379,,-424.32,,28.161,,0.3710938
380,,-424.25,,25.862,,0.3720703
381,,-424.2,,24.684,,0.3730469
382,,-424.14,,26.769,,0.3740234
383,,-424.08,,27.453,,0.375
384,,-424.03,,26.747,,0.3759766
385,,-423.95,,25.337,,0.3769531
386,,-423.89,,25.505,,0.3779297
387,,-423.8,,27.153,,0.3789063
388,,-423.73,,26.488,,0.3798828
389,,-423.63,,24.927,,0.3808594
390,,-423.54,,25.212,,0.3818359
391,,-423.48,,26.966,,0.3828125
392,,-423.4,,26.202,,0.3837891
393,,-423.33,,24.522,,0.3847656
394,,-423.25,,24.659,,0.3857422
395,,-423.16,,27.275,,0.3867188
396,,-423.09,,26.577,,0.3876953
397,,-423.04,,24.374,,0.3886719
398,,-422.97,,24.659,,0.3896484
399,,-422.89,,26.681,,0.390625
400,,-422.82,,26.411,,0.3916016
401,,-422.74,,24.431,,0.3925781
402,,-422.7,,24.1,,0.3935547
403,,-422.64,,25.774,,0.3945313
404,,-422.56,,26.736,,0.3955078
405,,-422.5,,24.303,,0.3964844
406,,-422.43,,24.167,,0.3974609
407,,-422.37,,25.216,,0.3984375
408,,-422.32,,26.017,,0.3994141
409,,-422.24,,24.736,,0.4003906
410,,-422.21,,23.26,,0.4013672
411,,-422.14,,24.945,,0.4023438
412,,-422.07,,26.197,,0.4033203
413,,-422.01,,24.702,,0.4042969
414,,-421.99,,22.869,,0.4052734
415,,-421.96,,24.944,,0.40625
416,,-421.93,,25.456,,0.4072266
417,,-421.87,,24.424,,0.4082031
418,,-421.83,,23.695,,0.4091797
419,,-421.81,,24.703,,0.4101563
420,,-421.76,,25.302,,0.4111328
421,,-421.69,,24.185,,0.4121094
422,,-421.65,,23.686,,0.4130859
423,,-421.59,,23.915,,0.4140625
424,,-421.54,,25.094,,0.4150391
425,,-421.48,,24.645,,0.4160156
426,,-421.43,,22.698,,0.4169922
427,,-421.4,,23.433,,0.4179688
428,,-421.29,,25.238,,0.4189453
429,,-421.24,,25.086,,0.4199219
430,,-421.21,,23.526,,0.4208984
431,,-421.14,,22.774,,0.421875
432,,-421.06,,24.636,,0.4228516
433,,-421.01,,24.594,,0.4238281
434,,-420.97,,23.45,,0.4248047
435,,-420.94,,23.036,,0.4257813
436,,-420.89,,23.816,,0.4267578
437,,-420.86,,24.239,,0.4277344
438,,-420.81,,23.097,,0.4287109
439,,-420.77,,22.385,,0.4296875
440,,-420.7,,24.059,,0.4306641
441,,-420.67,,23.933,,0.4316406
442,,-420.62,,23.251,,0.4326172
443,,-420.58,,22,,0.4335938
444,,-420.54,,23.024,,0.4345703
445,,-420.48,,23.219,,0.4355469
446,,-420.42,,22.994,,0.4365234
447,,-420.38,,22.159,,0.4375
448,,-420.31,,22.637,,0.4384766
449,,-420.26,,23.352,,0.4394531
450,,-420.21,,23.476,,0.4404297
451,,-420.16,,22.639,,0.4414063
452,,-420.11,,22.614,,0.4423828
453,,-420.06,,23.767,,0.4433594
454,,-420.01,,23.941,,0.4443359
455,,-419.96,,21.635,,0.4453125
456,,-419.89,,22.213,,0.4462891
457,,-419.84,,24.194,,0.4472656
458,,-419.8,,23.011,,0.4482422
459,,-419.76,,21.714,,0.4492188
460,,-419.69,,22.409,,0.4501953
461,,-419.66,,23.49,,0.4511719
462,,-419.61,,23.644,,0.4521484
463,,-419.55,,22.253,,0.453125
464,,-419.5,,21.786,,0.4541016
465,,-419.45,,23.121,,0.4550781
466,,-419.4,,22.834,,0.4560547
467,,-419.36,,22.222,,0.4570313
468,,-419.32,,20.987,,0.4580078
469,,-419.27,,22.465,,0.4589844
470,,-419.22,,23.413,,0.4599609
471,,-419.16,,22.112,,0.4609375
472,,-419.11,,21.499,,0.4619141
473,,-419.05,,22.327,,0.4628906
474,,-419.01,,23.009,,0.4638672
475,,-418.94,,21.999,,0.4648438
476,,-418.9,,21.034,,0.4658203
477,,-418.86,,22.018,,0.4667969
478,,-418.82,,22.912,,0.4677734
479,,-418.75,,21.863,,0.46875
480,,-418.71,,21.327,,0.4697266
481,,-418.65,,21.904,,0.4707031
482,,-418.6,,22.634,,0.4716797
483,,-418.55,,22.444,,0.4726563
484,,-418.52,,21.092,,0.4736328
485,,-418.45,,21.181,,0.4746094
486,,-418.4,,22.251,,0.4755859
487,,-418.37,,22.489,,0.4765625
488,,-418.31,,20.543,,0.4775391
489,,-418.28,,20.886,,0.4785156
490,,-418.21,,22.567,,0.4794922
491,,-418.17,,21.967,,0.4804688
492,,-418.13,,20.586,,0.4814453
493,,-418.08,,20.738,,0.4824219
494,,-418.04,,21.712,,0.4833984
495,,-418,,22.464,,0.484375
496,,-417.94,,21.042,,0.4853516
497,,-417.89,,20.99,,0.4863281
498,,-417.87,,21.979,,0.4873047
499,,-417.81,,22.81,,0.4882813
500,,-417.79,,20.816,,0.4892578
501,,-417.75,,20.192,,0.4902344
502,,-417.7,,21.684,,0.4912109
503,,-417.73,,21.964,,0.4921875
504,,-417.77,,21.352,,0.4931641
505,,-417.78,,19.859,,0.4941406
506,,-417.77,,21.618,,0.4951172
507,,-417.74,,22.125,,0.4960938
508,,-417.69,,20.569,,0.4970703
509,,-417.65,,19.605,,0.4980469
510,,-417.64,,21.221,,0.4990234
511,,-417.59,,,,
512,,-417.54,,,,
513,,-417.5,,,,
514,,-417.45,,,,
515,,-417.4,,,,
516,,-417.37,,,,
517,,-417.35,,,,
518,,-417.3,,,,
519,,-417.28,,,,
520,,-417.24,,,,
521,,-417.19,,,,
522,,-417.15,,,,
523,,-417.1,,,,
524,,-417.05,,,,
525,,-416.98,,,,
526,,-416.94,,,,
527,,-416.87,,,,
528,,-416.83,,,,
529,,-416.78,,,,
530,,-416.75,,,,
531,,-416.7,,,,
532,,-416.66,,,,
533,,-416.6,,,,
534,,-416.57,,,,
535,,-416.52,,,,
536,,-416.47,,,,
537,,-416.41,,,,
538,,-416.39,,,,
539,,-416.34,,,,
540,,-416.3,,,,
541,,-416.25,,,,
542,,-416.24,,,,
543,,-416.19,,,,
544,,-416.14,,,,
545,,-416.1,,,,
546,,-416.08,,,,
547,,-416.04,,,,
548,,-415.99,,,,
549,,-415.95,,,,
550,,-415.92,,,,
551,,-415.89,,,,
552,,-415.85,,,,
553,,-415.82,,,,
554,,-415.79,,,,
555,,-415.76,,,,
556,,-415.71,,,,
557,,-415.69,,,,
558,,-415.66,,,,
559,,-415.61,,,,
560,,-415.59,,,,
561,,-415.54,,,,
562,,-415.5,,,,
563,,-415.47,,,,
564,,-415.42,,,,
565,,-415.4,,,,
566,,-415.37,,,,
567,,-415.32,,,,
568,,-415.31,,,,
569,,-415.26,,,,
570,,-415.25,,,,
571,,-415.2,,,,
572,,-415.17,,,,
573,,-415.14,,,,
574,,-415.11,,,,
575,,-415.07,,,,
576,,-415.04,,,,
577,,-415,,,,
578,,-414.96,,,,
579,,-414.94,,,,
580,,-414.9,,,,
581,,-414.9,,,,
582,,-414.86,,,,
583,,-414.83,,,,
584,,-414.81,,,,
585,,-414.78,,,,
586,,-414.73,,,,
587,,-414.7,,,,
588,,-414.67,,,,
589,,-414.62,,,,
590,,-414.6,,,,
591,,-414.57,,,,
592,,-414.54,,,,
593,,-414.52,,,,
594,,-414.48,,,,
595,,-414.45,,,,
596,,-414.43,,,,
597,,-414.42,,,,
598,,-414.39,,,,
599,,-414.35,,,,
600,,-414.33,,,,
601,,-414.31,,,,
602,,-414.28,,,,
603,,-414.25,,,,
604,,-414.22,,,,
605,,-414.19,,,,
606,,-414.13,,,,
607,,-414.13,,,,
608,,-414.09,,,,
609,,-414.06,,,,
610,,-414.03,,,,
611,,-414,,,,
612,,-413.96,,,,
613,,-413.93,,,,
614,,-413.89,,,,
615,,-413.84,,,,
616,,-413.85,,,,
617,,-413.79,,,,
618,,-413.76,,,,
619,,-413.74,,,,
620,,-413.71,,,,
621,,-413.68,,,,
622,,-413.67,,,,
623,,-413.69,,,,
624,,-413.67,,,,
625,,-413.66,,,,
626,,-413.64,,,,
627,,-413.62,,,,
628,,-413.59,,,,
629,,-413.56,,,,
630,,-413.53,,,,
631,,-413.5,,,,
632,,-413.48,,,,
633,,-413.44,,,,
634,,-413.41,,,,
635,,-413.37,,,,
636,,-413.34,,,,
637,,-413.31,,,,
638,,-413.28,,,,
639,,-413.24,,,,
640,,-413.24,,,,
641,,-413.21,,,,
642,,-413.2,,,,
643,,-413.19,,,,
644,,-413.15,,,,
645,,-413.14,,,,
646,,-413.13,,,,
647,,-413.08,,,,
648,,-413.05,,,,
649,,-413.03,,,,
650,,-412.98,,,,
651,,-412.94,,,,
652,,-412.93,,,,
653,,-412.91,,,,
654,,-412.88,,,,
655,,-412.85,,,,
656,,-412.82,,,,
657,,-412.78,,,,
658,,-412.77,,,,
659,,-412.75,,,,
660,,-412.72,,,,
661,,-412.7,,,,
662,,-412.67,,,,
663,,-412.63,,,,
664,,-412.63,,,,
665,,-412.6,,,,
666,,-412.56,,,,
667,,-412.54,,,,
668,,-412.51,,,,
669,,-412.48,,,,
670,,-412.46,,,,
671,,-412.44,,,,
672,,-412.41,,,,
673,,-412.39,,,,
674,,-412.39,,,,
675,,-412.37,,,,
676,,-412.33,,,,
677,,-412.3,,,,
678,,-412.29,,,,
679,,-412.26,,,,
680,,-412.24,,,,
681,,-412.23,,,,
682,,-412.21,,,,
683,,-412.18,,,,
684,,-412.15,,,,
685,,-412.15,,,,
686,,-412.11,,,,
687,,-412.1,,,,
688,,-412.04,,,,
689,,-412.02,,,,
690,,-412.01,,,,
691,,-411.99,,,,
692,,-411.94,,,,
693,,-411.9,,,,
694,,-411.91,,,,
695,,-411.87,,,,
696,,-411.89,,,,
697,,-411.9,,,,
698,,-411.9,,,,
699,,-411.87,,,,
700,,-411.86,,,,
701,,-411.83,,,,
702,,-411.81,,,,
703,,-411.84,,,,
704,,-411.87,,,,
705,,-411.87,,,,
706,,-411.89,,,,
707,,-411.88,,,,
708,,-411.94,,,,
709,,-411.95,,,,
710,,-411.99,,,,
711,,-411.99,,,,
712,,-412.05,,,,
713,,-412.06,,,,
714,,-412.07,,,,
715,,-412.11,,,,
716,,-412.16,,,,
717,,-412.24,,,,
718,,-412.3,,,,
719,,-412.3,,,,
720,,-412.27,,,,
721,,-412.28,,,,
722,,-412.25,,,,
723,,-412.23,,,,
724,,-412.17,,,,
725,,-412.13,,,,
726,,-412.13,,,,
727,,-412.11,,,,
728,,-412.09,,,,
729,,-412.08,,,,
730,,-412.08,,,,
731,,-412.05,,,,
732,,-412.04,,,,
733,,-412.04,,,,
734,,-412.02,,,,
735,,-411.99,,,,
736,,-411.98,,,,
737,,-411.98,,,,
738,,-411.98,,,,
739,,-411.96,,,,
740,,-411.95,,,,
741,,-411.94,,,,
742,,-411.91,,,,
743,,-411.89,,,,
744,,-411.89,,,,
745,,-411.86,,,,
746,,-411.87,,,,
747,,-411.85,,,,
748,,-411.81,,,,
749,,-411.79,,,,
750,,-411.78,,,,
751,,-411.75,,,,
752,,-411.74,,,,
753,,-411.73,,,,
754,,-411.72,,,,
755,,-411.79,,,,
756,,-411.78,,,,
757,,-411.82,,,,
758,,-411.84,,,,
759,,-411.86,,,,
760,,-411.9,,,,
761,,-411.98,,,,
762,,-412.01,,,,
763,,-412.04,,,,
764,,-412.14,,,,
765,,-412.41,,,,
766,,-412.58,,,,
767,,-412.68,,,,
768,,-412.77,,,,
769,,-413.05,,,,
770,,-413.22,,,,
771,,-413.36,,,,
772,,-413.51,,,,
773,,-413.91,,,,
774,,-414.69,,,,
775,,-414.94,,,,
776,,-412.08,,,,
777,,-410.28,,,,
778,,-409.91,,,,
779,,-410.37,,,,
780,,-411.07,,,,
781,,-411.85,,,,
782,,-412.67,,,,
783,,-413.49,,,,
784,,-414.33,,,,
785,,-415.1,,,,
786,,-415.87,,,,
787,,-416.67,,,,
788,,-417.43,,,,
789,,-418.2,,,,
790,,-418.96,,,,
791,,-419.66,,,,
792,,-420.37,,,,
793,,-421.05,,,,
794,,-421.71,,,,
795,,-422.34,,,,
796,,-422.95,,,,
797,,-423.53,,,,
798,,-424.09,,,,
799,,-424.66,,,,
800,,-425.2,,,,
801,,-425.73,,,,
802,,-426.25,,,,
803,,-426.75,,,,
804,,-427.21,,,,
805,,-427.7,,,,
806,,-428.17,,,,
807,,-428.61,,,,
808,,-429.05,,,,
809,,-429.47,,,,
810,,-429.88,,,,
811,,-430.31,,,,
812,,-430.7,,,,
813,,-431.1,,,,
814,,-431.5,,,,
815,,-431.88,,,,
816,,-432.29,,,,
817,,-432.68,,,,
818,,-433.06,,,,
819,,-433.41,,,,
820,,-433.81,,,,
821,,-434.16,,,,
822,,-434.49,,,,
823,,-434.81,,,,
824,,-435.11,,,,
825,,-435.42,,,,
826,,-435.69,,,,
827,,-435.93,,,,
828,,-436.21,,,,
829,,-436.47,,,,
830,,-436.72,,,,
831,,-436.96,,,,
832,,-437.21,,,,
833,,-437.43,,,,
834,,-437.64,,,,
835,,-437.87,,,,
836,,-438.08,,,,
837,,-438.34,,,,
838,,-438.56,,,,
839,,-438.79,,,,
840,,-439,,,,
841,,-439.22,,,,
842,,-439.41,,,,
843,,-439.57,,,,
844,,-439.76,,,,
845,,-439.96,,,,
846,,-440.18,,,,
847,,-440.41,,,,
848,,-440.65,,,,
849,,-440.88,,,,
850,,-441.11,,,,
851,,-441.35,,,,
852,,-441.6,,,,
853,,-441.81,,,,
854,,-442.02,,,,
855,,-442.24,,,,
856,,-442.45,,,,
857,,-442.59,,,,
858,,-442.75,,,,
859,,-442.94,,,,
860,,-443.09,,,,
861,,-443.23,,,,
862,,-443.38,,,,
863,,-443.54,,,,
864,,-443.69,,,,
865,,-443.86,,,,
866,,-444.01,,,,
867,,-444.17,,,,
868,,-444.31,,,,
869,,-444.46,,,,
870,,-444.63,,,,
871,,-444.81,,,,
872,,-444.97,,,,
873,,-445.14,,,,
874,,-445.3,,,,
875,,-445.47,,,,
876,,-445.63,,,,
877,,-445.77,,,,
878,,-445.91,,,,
879,,-446.05,,,,
880,,-446.14,,,,
881,,-446.27,,,,
882,,-446.41,,,,
883,,-446.55,,,,
884,,-446.66,,,,
885,,-446.79,,,,
886,,-446.88,,,,
887,,-446.97,,,,
888,,-447.04,,,,
889,,-447.15,,,,
890,,-447.22,,,,
891,,-447.33,,,,
892,,-447.42,,,,
893,,-447.52,,,,
894,,-447.62,,,,
895,,-447.72,,,,
896,,-447.82,,,,
897,,-447.89,,,,
898,,-448,,,,
899,,-448.07,,,,
900,,-448.17,,,,
901,,-448.31,,,,
902,,-448.45,,,,
903,,-448.57,,,,
904,,-448.71,,,,
905,,-448.82,,,,
906,,-448.97,,,,
907,,-449.07,,,,
908,,-449.16,,,,
909,,-449.23,,,,
910,,-449.27,,,,
911,,-449.33,,,,
912,,-449.39,,,,
913,,-449.43,,,,
914,,-449.48,,,,
915,,-449.5,,,,
916,,-449.56,,,,
917,,-449.63,,,,
918,,-449.67,,,,
919,,-449.74,,,,
920,,-449.78,,,,
921,,-449.85,,,,
922,,-449.91,,,,
923,,-449.95,,,,
924,,-450,,,,
925,,-450.08,,,,
926,,-450.13,,,,
927,,-450.18,,,,
928,,-450.21,,,,
929,,-450.19,,,,
930,,-450.23,,,,
931,,-450.26,,,,
932,,-450.32,,,,
933,,-450.37,,,,
934,,-450.44,,,,
935,,-450.52,,,,
936,,-450.58,,,,
937,,-450.67,,,,
938,,-450.74,,,,
939,,-450.83,,,,
940,,-450.92,,,,
941,,-450.99,,,,
942,,-451.07,,,,
943,,-451.14,,,,
944,,-451.19,,,,
945,,-451.27,,,,
946,,-451.34,,,,
947,,-451.42,,,,
948,,-451.52,,,,
949,,-451.56,,,,
950,,-451.6,,,,
951,,-451.68,,,,
952,,-451.74,,,,
953,,-451.8,,,,
954,,-451.86,,,,
955,,-451.89,,,,
956,,-451.93,,,,
957,,-451.98,,,,
958,,-452.02,,,,
959,,-452.05,,,,
960,,-452.09,,,,
961,,-452.15,,,,
962,,-452.18,,,,
963,,-452.24,,,,
964,,-452.29,,,,
965,,-452.32,,,,
966,,-452.36,,,,
967,,-452.43,,,,
968,,-452.46,,,,
969,,-452.51,,,,
970,,-452.58,,,,
971,,-452.63,,,,
972,,-452.69,,,,
973,,-452.75,,,,
974,,-452.79,,,,
975,,-452.84,,,,
976,,-452.9,,,,
977,,-452.94,,,,
978,,-452.98,,,,
979,,-453.01,,,,
980,,-453.1,,,,
981,,-453.16,,,,
982,,-453.23,,,,
983,,-453.3,,,,
984,,-453.38,,,,
985,,-453.48,,,,
986,,-453.55,,,,
987,,-453.61,,,,
988,,-453.71,,,,
989,,-453.76,,,,
990,,-453.81,,,,
991,,-453.83,,,,
992,,-453.84,,,,
993,,-453.83,,,,
994,,-453.86,,,,
995,,-453.87,,,,
996,,-453.86,,,,
997,,-453.86,,,,
998,,-453.87,,,,
999,,-453.89,,,,
1000,,-453.87,,,,
1001,,-453.89,,,,
1002,,-453.89,,,,
1003,,-453.92,,,,
1004,,-453.94,,,,
1005,,-453.97,,,,
1006,,-454.01,,,,
1007,,-454.06,,,,
1008,,-454.17,,,,
1009,,-454.22,,,,
1010,,-454.29,,,,
1011,,-454.36,,,,
1012,,-454.44,,,,
1013,,-454.51,,,,
1014,,-454.56,,,,
1015,,-454.64,,,,
1016,,-454.71,,,,
1017,,-454.8,,,,
1018,,-454.85,,,,
1019,,-454.91,,,,
1020,,-454.98,,,,
1021,,-455.04,,,,
1022,,-455.09,,,,
1023,,-455.14,,,,
1024,,-455.18,,,,
1025,,-455.18,,,,
1026,,-455.24,,,,
1027,,-455.3,,,,
1028,,-455.34,,,,
1029,,-455.39,,,,
1030,,-455.4,,,,
1031,,-455.45,,,,
1032,,-455.47,,,,
1033,,-455.47,,,,
1034,,-455.47,,,,
1035,,-455.46,,,,
1036,,-455.48,,,,
1037,,-455.46,,,,
1038,,-455.5,,,,
1039,,-455.53,,,,
1040,,-455.57,,,,
1041,,-455.62,,,,
1042,,-455.67,,,,
1043,,-455.7,,,,
1044,,-455.73,,,,
1045,,-455.76,,,,
1046,,-455.71,,,,
1047,,-455.68,,,,
1048,,-455.62,,,,
1049,,-455.6,,,,
1050,,-455.56,,,,
1051,,-455.54,,,,
1052,,-455.51,,,,
1053,,-455.48,,,,
1054,,-455.45,,,,
1055,,-455.44,,,,
1056,,-455.39,,,,
1057,,-455.38,,,,
1058,,-455.39,,,,
1059,,-455.38,,,,
1060,,-455.42,,,,
1061,,-455.45,,,,
1062,,-455.5,,,,
1063,,-455.56,,,,
1064,,-455.59,,,,
1065,,-455.62,,,,
1066,,-455.69,,,,
1067,,-455.71,,,,
1068,,-455.82,,,,
1069,,-455.84,,,,
1070,,-455.89,,,,
1071,,-455.93,,,,
1072,,-455.99,,,,
1073,,-456.04,,,,
1074,,-456.08,,,,
1075,,-456.14,,,,
1076,,-456.19,,,,
1077,,-456.21,,,,
1078,,-456.21,,,,
1079,,-456.27,,,,
1080,,-456.25,,,,
1081,,-456.24,,,,
1082,,-456.23,,,,
1083,,-456.2,,,,
1084,,-456.21,,,,
1085,,-456.19,,,,
1086,,-456.16,,,,
1087,,-456.14,,,,
1088,,-456.12,,,,
1089,,-456.08,,,,
1090,,-456.09,,,,
1091,,-456.1,,,,
1092,,-456.12,,,,
1093,,-456.12,,,,
1094,,-456.14,,,,
1095,,-456.16,,,,
1096,,-456.19,,,,
1097,,-456.21,,,,
1098,,-456.26,,,,
1099,,-456.3,,,,
1100,,-456.32,,,,
1101,,-456.38,,,,
1102,,-456.44,,,,
1103,,-456.49,,,,
1104,,-456.53,,,,
1105,,-456.56,,,,
1106,,-456.61,,,,
1107,,-456.65,,,,
1108,,-456.7,,,,
1109,,-456.75,,,,
1110,,-456.79,,,,
1111,,-456.83,,,,
1112,,-456.82,,,,
1113,,-456.81,,,,
1114,,-456.79,,,,
1115,,-456.79,,,,
1116,,-456.84,,,,
1117,,-456.87,,,,
1118,,-456.92,,,,
1119,,-456.91,,,,
1120,,-456.84,,,,
1121,,-456.76,,,,
1122,,-456.67,,,,
1123,,-456.61,,,,
1124,,-456.58,,,,
1125,,-456.57,,,,
1126,,-456.59,,,,
1127,,-456.62,,,,
1128,,-456.68,,,,
1129,,-456.73,,,,
1130,,-456.8,,,,
1131,,-456.85,,,,
1132,,-456.92,,,,
1133,,-456.94,,,,
1134,,-456.98,,,,
1135,,-457.03,,,,
1136,,-457.06,,,,
1137,,-457.07,,,,
1138,,-457.11,,,,
1139,,-457.14,,,,
1140,,-457.16,,,,
1141,,-457.17,,,,
1142,,-457.19,,,,
1143,,-457.24,,,,
1144,,-457.26,,,,
1145,,-457.28,,,,
1146,,-457.32,,,,
1147,,-457.34,,,,
1148,,-457.35,,,,
1149,,-457.36,,,,
1150,,-457.38,,,,
1151,,-457.39,,,,
1152,,-457.44,,,,
1153,,-457.46,,,,
1154,,-457.48,,,,
1155,,-457.51,,,,
1156,,-457.53,,,,
1157,,-457.55,,,,
1158,,-457.58,,,,
1159,,-457.58,,,,
1160,,-457.6,,,,
1161,,-457.6,,,,
1162,,-457.61,,,,
1163,,-457.64,,,,
1164,,-457.63,,,,
1165,,-457.65,,,,
1166,,-457.66,,,,
1167,,-457.68,,,,
1168,,-457.67,,,,
1169,,-457.7,,,,
1170,,-457.7,,,,
1171,,-457.74,,,,
1172,,-457.73,,,,
1173,,-457.73,,,,
1174,,-457.75,,,,
1175,,-457.76,,,,
1176,,-457.81,,,,
1177,,-457.81,,,,
1178,,-457.82,,,,
1179,,-457.8,,,,
1180,,-457.75,,,,
1181,,-457.72,,,,
1182,,-457.71,,,,
1183,,-457.73,,,,
1184,,-457.74,,,,
1185,,-457.76,,,,
1186,,-457.78,,,,
1187,,-457.8,,,,
1188,,-457.82,,,,
1189,,-457.85,,,,
1190,,-457.86,,,,
1191,,-457.87,,,,
1192,,-457.9,,,,
1193,,-457.9,,,,
1194,,-457.94,,,,
1195,,-457.95,,,,
1196,,-457.95,,,,
1197,,-457.97,,,,
1198,,-457.96,,,,
1199,,-458.01,,,,
1200,,-457.99,,,,
1201,,-458.02,,,,
1202,,-458.03,,,,
1203,,-458.06,,,,
1204,,-458.07,,,,
1205,,-458.07,,,,
1206,,-458.07,,,,
1207,,-458.07,,,,
1208,,-458.1,,,,
1209,,-458.13,,,,
1210,,-458.14,,,,
1211,,-458.16,,,,
1212,,-458.18,,,,
1213,,-458.19,,,,
1214,,-458.22,,,,
1215,,-458.25,,,,
1216,,-458.27,,,,
1217,,-458.29,,,,
1218,,-458.32,,,,
1219,,-458.33,,,,
1220,,-458.36,,,,
1221,,-458.37,,,,
1222,,-458.4,,,,
1223,,-458.41,,,,
1224,,-458.42,,,,
1225,,-458.43,,,,
1226,,-458.42,,,,
1227,,-458.42,,,,
1228,,-458.41,,,,
1229,,-458.39,,,,
1230,,-458.36,,,,
1231,,-458.35,,,,
1232,,-458.33,,,,
1233,,-458.3,,,,
1234,,-458.28,,,,
1235,,-458.25,,,,
1236,,-458.23,,,,
1237,,-458.21,,,,
1238,,-458.19,,,,
1239,,-458.17,,,,
1240,,-458.16,,,,
1241,,-458.16,,,,
1242,,-458.16,,,,
1243,,-458.16,,,,
1244,,-458.14,,,,
1245,,-458.15,,,,
1246,,-458.12,,,,
1247,,-458.14,,,,
1248,,-458.17,,,,
1249,,-458.13,,,,
1250,,-458.15,,,,
1251,,-458.16,,,,
1252,,-458.18,,,,
1253,,-458.16,,,,
1254,,-458.16,,,,
1255,,-458.18,,,,
1256,,-458.17,,,,
1257,,-458.16,,,,
1258,,-458.16,,,,
1259,,-458.16,,,,
1260,,-458.14,,,,
1261,,-458.14,,,,
1262,,-458.13,,,,
1263,,-458.13,,,,
1264,,-458.13,,,,
1265,,-458.11,,,,
1266,,-458.13,,,,
1267,,-458.13,,,,
1268,,-458.13,,,,
1269,,-458.12,,,,
1270,,-458.13,,,,
1271,,-458.14,,,,
1272,,-458.14,,,,
1273,,-458.11,,,,
1274,,-458.1,,,,
1275,,-458.09,,,,
1276,,-458.09,,,,
1277,,-458.09,,,,
1278,,-458.11,,,,
1279,,-458.1,,,,
1280,,-458.11,,,,
1281,,-458.13,,,,
1282,,-458.13,,,,
1283,,-458.14,,,,
1284,,-458.14,,,,
1285,,-458.17,,,,
1286,,-458.2,,,,
1287,,-458.21,,,,
1288,,-458.22,,,,
1289,,-458.21,,,,
1290,,-458.24,,,,
1291,,-458.27,,,,
1292,,-458.26,,,,
1293,,-458.26,,,,
1294,,-458.28,,,,
1295,,-458.28,,,,
1296,,-458.3,,,,
1297,,-458.28,,,,
1298,,-458.32,,,,
1299,,-458.34,,,,
1300,,-458.33,,,,
1301,,-458.35,,,,
1302,,-458.36,,,,
1303,,-458.35,,,,
1304,,-458.32,,,,
1305,,-458.31,,,,
1306,,-458.33,,,,
1307,,-458.31,,,,
1308,,-458.29,,,,
1309,,-458.3,,,,
1310,,-458.3,,,,
1311,,-458.32,,,,
1312,,-458.35,,,,
1313,,-458.36,,,,
1314,,-458.38,,,,
1315,,-458.39,,,,
1316,,-458.4,,,,
1317,,-458.43,,,,
1318,,-458.44,,,,
1319,,-458.44,,,,
1320,,-458.46,,,,
1321,,-458.47,,,,
1322,,-458.49,,,,
1323,,-458.48,,,,
1324,,-458.47,,,,
1325,,-458.44,,,,
1326,,-458.4,,,,
1327,,-458.36,,,,
1328,,-458.33,,,,
1329,,-458.29,,,,
1330,,-458.27,,,,
1331,,-458.25,,,,
1332,,-458.25,,,,
1333,,-458.24,,,,
1334,,-458.25,,,,
1335,,-458.26,,,,
1336,,-458.25,,,,
1337,,-458.21,,,,
1338,,-458.19,,,,
1339,,-458.16,,,,
1340,,-458.11,,,,
1341,,-458.09,,,,
1342,,-458.07,,,,
1343,,-458.06,,,,
1344,,-458.05,,,,
1345,,-458.05,,,,
1346,,-458.05,,,,
1347,,-458.05,,,,
1348,,-458.06,,,,
1349,,-458.06,,,,
1350,,-458.07,,,,
1351,,-458.07,,,,
1352,,-458.08,,,,
1353,,-458.06,,,,
1354,,-458.08,,,,
1355,,-458.09,,,,
1356,,-458.07,,,,
1357,,-458.02,,,,
1358,,-457.94,,,,
1359,,-457.88,,,,
1360,,-457.84,,,,
1361,,-457.8,,,,
1362,,-457.76,,,,
1363,,-457.72,,,,
1364,,-457.69,,,,
1365,,-457.65,,,,
1366,,-457.61,,,,
1367,,-457.6,,,,
1368,,-457.6,,,,
1369,,-457.6,,,,
1370,,-457.6,,,,
1371,,-457.6,,,,
1372,,-457.6,,,,
1373,,-457.63,,,,
1374,,-457.64,,,,
1375,,-457.63,,,,
1376,,-457.65,,,,
1377,,-457.66,,,,
1378,,-457.69,,,,
1379,,-457.7,,,,
1380,,-457.72,,,,
1381,,-457.73,,,,
1382,,-457.75,,,,
1383,,-457.77,,,,
1384,,-457.78,,,,
1385,,-457.79,,,,
1386,,-457.78,,,,
1387,,-457.75,,,,
1388,,-457.72,,,,
1389,,-457.72,,,,
1390,,-457.66,,,,
1391,,-457.62,,,,
1392,,-457.6,,,,
1393,,-457.55,,,,
1394,,-457.54,,,,
1395,,-457.5,,,,
1396,,-457.48,,,,
1397,,-457.48,,,,
1398,,-457.47,,,,
1399,,-457.5,,,,
1400,,-457.53,,,,
1401,,-457.53,,,,
1402,,-457.56,,,,
1403,,-457.58,,,,
1404,,-457.59,,,,
1405,,-457.61,,,,
1406,,-457.62,,,,
1407,,-457.64,,,,
1408,,-457.63,,,,
1409,,-457.68,,,,
1410,,-457.67,,,,
1411,,-457.69,,,,
1412,,-457.68,,,,
1413,,-457.66,,,,
1414,,-457.64,,,,
1415,,-457.58,,,,
1416,,-457.55,,,,
1417,,-457.51,,,,
1418,,-457.47,,,,
1419,,-457.45,,,,
1420,,-457.44,,,,
1421,,-457.39,,,,
1422,,-457.31,,,,
1423,,-457.25,,,,
1424,,-457.19,,,,
1425,,-457.16,,,,
1426,,-457.11,,,,
1427,,-457.08,,,,
1428,,-457.06,,,,
1429,,-457.05,,,,
1430,,-457.03,,,,
1431,,-457.03,,,,
1432,,-457,,,,
1433,,-457.01,,,,
1434,,-456.99,,,,
1435,,-457,,,,
1436,,-457.01,,,,
1437,,-457,,,,
1438,,-456.99,,,,
1439,,-456.87,,,,
1440,,-456.69,,,,
1441,,-456.52,,,,
1442,,-456.36,,,,
1443,,-456.25,,,,
1444,,-456.15,,,,
1445,,-456.03,,,,
1446,,-455.93,,,,
1447,,-455.81,,,,
1448,,-455.74,,,,
1449,,-455.64,,,,
1450,,-455.54,,,,
1451,,-455.49,,,,
1452,,-455.41,,,,
1453,,-455.39,,,,
1454,,-455.35,,,,
1455,,-455.3,,,,
1456,,-455.28,,,,
1457,,-455.25,,,,
1458,,-455.18,,,,
1459,,-455.12,,,,
1460,,-455.05,,,,
1461,,-455.05,,,,
1462,,-455.05,,,,
1463,,-455.07,,,,
1464,,-455.08,,,,
1465,,-455.12,,,,
1466,,-455.1,,,,
1467,,-455.08,,,,
1468,,-454.98,,,,
1469,,-454.87,,,,
1470,,-454.75,,,,
1471,,-454.63,,,,
1472,,-454.53,,,,
1473,,-454.39,,,,
1474,,-454.29,,,,
1475,,-454.18,,,,
1476,,-454.12,,,,
1477,,-454.03,,,,
1478,,-454.01,,,,
1479,,-454,,,,
1480,,-453.98,,,,
1481,,-453.95,,,,
1482,,-453.95,,,,
1483,,-453.94,,,,
1484,,-453.93,,,,
1485,,-453.92,,,,
1486,,-453.93,,,,
1487,,-453.94,,,,
1488,,-453.94,,,,
1489,,-453.94,,,,
1490,,-453.91,,,,
1491,,-453.89,,,,
1492,,-453.84,,,,
1493,,-453.85,,,,
1494,,-453.84,,,,
1495,,-453.79,,,,
1496,,-453.73,,,,
1497,,-453.67,,,,
1498,,-453.58,,,,
1499,,-453.5,,,,
1500,,-453.42,,,,
1501,,-453.36,,,,
1502,,-453.29,,,,
1503,,-453.23,,,,
1504,,-453.21,,,,
1505,,-453.13,,,,
1506,,-453.11,,,,
1507,,-453.03,,,,
1508,,-453.04,,,,
1509,,-453.01,,,,
1510,,-453.01,,,,
1511,,-453,,,,
1512,,-453,,,,
1513,,-452.97,,,,
1514,,-452.93,,,,
1515,,-452.89,,,,
1516,,-452.84,,,,
1517,,-452.81,,,,
1518,,-452.79,,,,
1519,,-452.75,,,,
1520,,-452.71,,,,
1521,,-452.67,,,,
1522,,-452.67,,,,
1523,,-452.67,,,,
1524,,-452.66,,,,
1525,,-452.65,,,,
1526,,-452.63,,,,
1527,,-452.59,,,,
1528,,-452.54,,,,
1529,,-452.46,,,,
1530,,-452.38,,,,
1531,,-452.3,,,,
1532,,-452.25,,,,
1533,,-452.15,,,,
1534,,-452.07,,,,
1535,,-451.97,,,,
1536,,-451.85,,,,
1537,,-451.76,,,,
1538,,-451.66,,,,
1539,,-451.57,,,,
1540,,-451.48,,,,
1541,,-451.38,,,,
1542,,-451.25,,,,
1543,,-451.18,,,,
1544,,-451.12,,,,
1545,,-451.09,,,,
1546,,-451.03,,,,
1547,,-450.97,,,,
1548,,-450.94,,,,
1549,,-450.92,,,,
1550,,-450.92,,,,
1551,,-450.91,,,,
1552,,-450.93,,,,
1553,,-450.9,,,,
1554,,-450.91,,,,
1555,,-450.89,,,,
1556,,-450.89,,,,
1557,,-450.86,,,,
1558,,-450.84,,,,
1559,,-450.79,,,,
1560,,-450.7,,,,
1561,,-450.62,,,,
1562,,-450.5,,,,
1563,,-450.4,,,,
1564,,-450.33,,,,
1565,,-450.23,,,,
1566,,-450.15,,,,
1567,,-450.06,,,,
1568,,-449.97,,,,
1569,,-449.91,,,,
1570,,-449.86,,,,
1571,,-449.82,,,,
1572,,-449.79,,,,
1573,,-449.78,,,,
1574,,-449.79,,,,
1575,,-449.78,,,,
1576,,-449.8,,,,
1577,,-449.81,,,,
1578,,-449.87,,,,
1579,,-449.95,,,,
1580,,-450.02,,,,
1581,,-450.06,,,,
1582,,-450.09,,,,
1583,,-450.1,,,,
1584,,-450.08,,,,
1585,,-450.1,,,,
1586,,-450.08,,,,
1587,,-450.07,,,,
1588,,-450.03,,,,
1589,,-450.01,,,,
1590,,-449.99,,,,
1591,,-449.99,,,,
1592,,-449.98,,,,
1593,,-449.99,,,,
1594,,-449.98,,,,
1595,,-449.98,,,,
1596,,-449.94,,,,
1597,,-449.92,,,,
1598,,-449.85,,,,
1599,,-449.76,,,,
1600,,-449.66,,,,
1601,,-449.53,,,,
1602,,-449.4,,,,
1603,,-449.26,,,,
1604,,-449.16,,,,
1605,,-449.04,,,,
1606,,-448.94,,,,
1607,,-448.83,,,,
1608,,-448.79,,,,
1609,,-448.73,,,,
1610,,-448.68,,,,
1611,,-448.64,,,,
1612,,-448.71,,,,
1613,,-448.77,,,,
1614,,-448.85,,,,
1615,,-448.86,,,,
1616,,-448.83,,,,
1617,,-448.72,,,,
1618,,-448.53,,,,
1619,,-448.37,,,,
1620,,-448.19,,,,
1621,,-448.03,,,,
1622,,-447.86,,,,
1623,,-447.72,,,,
1624,,-447.6,,,,
1625,,-447.47,,,,
1626,,-447.36,,,,
1627,,-447.23,,,,
1628,,-447.13,,,,
1629,,-447.01,,,,
1630,,-446.91,,,,
1631,,-446.82,,,,
1632,,-446.75,,,,
1633,,-446.68,,,,
1634,,-446.61,,,,
1635,,-446.56,,,,
1636,,-446.53,,,,
1637,,-446.5,,,,
1638,,-446.46,,,,
1639,,-446.46,,,,
1640,,-446.42,,,,
1641,,-446.39,,,,
1642,,-446.33,,,,
1643,,-446.27,,,,
1644,,-446.19,,,,
1645,,-446.1,,,,
1646,,-446.02,,,,
1647,,-445.95,,,,
1648,,-445.9,,,,
1649,,-445.84,,,,
1650,,-445.78,,,,
1651,,-445.72,,,,
1652,,-445.61,,,,
1653,,-445.54,,,,
1654,,-445.44,,,,
1655,,-445.37,,,,
1656,,-445.31,,,,
1657,,-445.22,,,,
1658,,-445.14,,,,
1659,,-445.08,,,,
1660,,-445.07,,,,
1661,,-445.01,,,,
1662,,-444.98,,,,
1663,,-444.93,,,,
1664,,-444.84,,,,
1665,,-444.75,,,,
1666,,-444.68,,,,
1667,,-444.59,,,,
1668,,-444.52,,,,
1669,,-444.44,,,,
1670,,-444.37,,,,
1671,,-444.33,,,,
1672,,-444.29,,,,
1673,,-444.29,,,,
1674,,-444.31,,,,
1675,,-444.33,,,,
1676,,-444.36,,,,
1677,,-444.39,,,,
1678,,-444.44,,,,
1679,,-444.46,,,,
1680,,-444.45,,,,
1681,,-444.46,,,,
1682,,-444.46,,,,
1683,,-444.47,,,,
1684,,-444.46,,,,
1685,,-444.57,,,,
1686,,-444.63,,,,
1687,,-444.71,,,,
1688,,-444.74,,,,
1689,,-444.72,,,,
1690,,-444.66,,,,
1691,,-444.59,,,,
1692,,-444.55,,,,
1693,,-444.52,,,,
1694,,-444.51,,,,
1695,,-444.49,,,,
1696,,-444.49,,,,
1697,,-444.52,,,,
1698,,-444.52,,,,
1699,,-444.56,,,,
1700,,-444.56,,,,
1701,,-444.59,,,,
1702,,-444.59,,,,
1703,,-444.62,,,,
1704,,-444.63,,,,
1705,,-444.67,,,,
1706,,-444.68,,,,
1707,,-444.7,,,,
1708,,-444.73,,,,
1709,,-444.75,,,,
1710,,-444.76,,,,
1711,,-444.81,,,,
1712,,-444.84,,,,
1713,,-444.87,,,,
1714,,-444.88,,,,
1715,,-444.9,,,,
1716,,-444.88,,,,
1717,,-444.89,,,,
1718,,-444.9,,,,
1719,,-444.91,,,,
1720,,-444.91,,,,
1721,,-444.92,,,,
1722,,-444.95,,,,
1723,,-444.95,,,,
1724,,-444.97,,,,
1725,,-444.96,,,,
1726,,-444.94,,,,
1727,,-444.89,,,,
1728,,-444.85,,,,
1729,,-444.83,,,,
1730,,-444.79,,,,
1731,,-444.78,,,,
1732,,-444.74,,,,
1733,,-444.66,,,,
1734,,-444.6,,,,
1735,,-444.47,,,,
1736,,-444.38,,,,
1737,,-444.23,,,,
1738,,-444.13,,,,
1739,,-444.05,,,,
1740,,-443.97,,,,
1741,,-443.89,,,,
1742,,-443.81,,,,
1743,,-443.72,,,,
1744,,-443.64,,,,
1745,,-443.55,,,,
1746,,-443.48,,,,
1747,,-443.41,,,,
1748,,-443.31,,,,
1749,,-443.23,,,,
1750,,-443.17,,,,
1751,,-443.14,,,,
1752,,-443.15,,,,
1753,,-443.19,,,,
1754,,-443.19,,,,
1755,,-443.25,,,,
1756,,-443.25,,,,
1757,,-443.29,,,,
1758,,-443.28,,,,
1759,,-443.31,,,,
1760,,-443.28,,,,
1761,,-443.24,,,,
1762,,-443.14,,,,
1763,,-443.04,,,,
1764,,-442.86,,,,
1765,,-442.71,,,,
1766,,-442.53,,,,
1767,,-442.35,,,,
1768,,-442.18,,,,
1769,,-442.08,,,,
1770,,-441.94,,,,
1771,,-441.81,,,,
1772,,-441.65,,,,
1773,,-441.47,,,,
1774,,-441.36,,,,
1775,,-441.21,,,,
1776,,-441.07,,,,
1777,,-440.95,,,,
1778,,-440.83,,,,
1779,,-440.72,,,,
1780,,-440.65,,,,
1781,,-440.55,,,,
1782,,-440.51,,,,
1783,,-440.4,,,,
1784,,-440.35,,,,
1785,,-440.27,,,,
1786,,-440.21,,,,
1787,,-440.14,,,,
1788,,-440.1,,,,
1789,,-440.02,,,,
1790,,-440.02,,,,
1791,,-440.02,,,,
1792,,-440.03,,,,
1793,,-440.03,,,,
1794,,-440.04,,,,
1795,,-439.96,,,,
1796,,-439.9,,,,
1797,,-439.85,,,,
1798,,-439.78,,,,
1799,,-439.73,,,,
